product_link,title,brand,price,discount,avg_rating,total_ratings
https://www.flipkart.com/campus-zoe-plus-women-s-casual-shoes-memory-foam-insole-pillo-slip-walking-women/p/itm9f8da9a2d2a4c?pid=SHOFZMTAHVBUSWZV&lid=LSTSHOFZMTAHVBUSWZVG6SVFZ&marketplace=FLIPKART&q=sports+shoes+for+women&store=osp%2Fiko%2Fd20&srno=s_1_24&otracker=search&otracker1=search&fm=Search&iid=47426dc2-50b5-49fa-8d9f-e1ca37d96136.SHOFZMTAHVBUSWZV.SEARCH&ppt=sp&ppn=sp&ssid=0l871jyp740000001735941944797&qH=32e27b1148959538,ZOE PLUS Women's Casual Shoes | Memory Foam Insole with Pillo Foa...more,CAMPUS,699,0.13,4.1,22437
https://www.flipkart.com/asian-firefly-04-white-sports-gym-jogging-walking-training-stylish-running-shoes-women/p/itm508025c63da8f?pid=SHOGGG7EFPHQUJSV&lid=LSTSHOGGG7EFPHQUJSVN8ELGV&marketplace=FLIPKART&q=sports+shoes+for+women&store=osp%2Fiko%2Fd20&spotlightTagId=TrendingId_osp%2Fiko%2Fd20&srno=s_2_45&otracker=search&otracker1=search&fm=Search&iid=5cce217a-ebf2-4cbd-9064-f2220ac1a767.SHOGGG7EFPHQUJSV.SEARCH&ppt=sp&ppn=sp&ssid=hgvptii5a80000001735941948444&qH=32e27b1148959538,"Firefly-04 White Sports,Gym,Jogging,Walking,Training,Stylish Runn...more",asian,832,0.44,4.1,25879
https://www.flipkart.com/campus-alice-women-s-sports-shoes-mesh-upper-anti-slip-sole-design-lace-up-running-women/p/itm06c26d2d834bb?pid=SHOFXNU8YDAHZHJW&lid=LSTSHOFXNU8YDAHZHJWLJEXDN&marketplace=FLIPKART&q=sports+shoes+for+women&store=osp%2Fiko%2Fd20&srno=s_2_59&otracker=search&otracker1=search&fm=Search&iid=5cce217a-ebf2-4cbd-9064-f2220ac1a767.SHOFXNU8YDAHZHJW.SEARCH&ppt=sp&ppn=sp&ssid=hgvptii5a80000001735941948444&qH=32e27b1148959538,ALICE Women's Sports Shoes | Mesh Upper with Anti Slip Sole Desig...more,CAMPUS,999,0.29,4.3,39220
https://www.flipkart.com/asian-firefly-04-grey-sports-gym-jogging-walking-training-stylish-running-shoes-women/p/itmb888fc9f72ffa?pid=SHOGGG7EFSV6G8MY&lid=LSTSHOGGG7EFSV6G8MY561B1I&marketplace=FLIPKART&q=sports+shoes+for+women&store=osp%2Fiko%2Fd20&srno=s_2_62&otracker=search&otracker1=search&fm=Search&iid=en_MpI7reaWGFP4HD3Q_jti7cVrbzw4XMq7JBAQCXGb1JVbaMn1bY1Ut9Il2uhnV_bSnZgVYDNl2qKvaM6ICx58rKV8WX5krIChubBlraAu4CQ%3D&ppt=sp&ppn=sp&ssid=hgvptii5a80000001735941948444&qH=32e27b1148959538,"Firefly-04 Grey Sports,Gym,Jogging,Walking,Training,Stylish Runni...more",asian,832,0.44,4.1,25879
https://www.flipkart.com/campus-alice-women-s-sports-shoes-mesh-upper-anti-slip-sole-design-lace-up-running-women/p/itm369cd84760fc5?pid=SHOFXNU8HUYGQDGK&lid=LSTSHOFXNU8HUYGQDGK827KNT&marketplace=FLIPKART&q=sports+shoes+for+women&store=osp%2Fiko%2Fd20&srno=s_2_66&otracker=search&otracker1=search&fm=Search&iid=5cce217a-ebf2-4cbd-9064-f2220ac1a767.SHOFXNU8HUYGQDGK.SEARCH&ppt=sp&ppn=sp&ssid=hgvptii5a80000001735941948444&qH=32e27b1148959538,ALICE Women's Sports Shoes | Mesh Upper with Anti Slip Sole Desig...more,CAMPUS,999,0.29,4.3,39220
https://www.flipkart.com/aygo-gel-12-light-weight-sports-walking-jogging-running-shoes-women/p/itmc6e6de1c5b776?pid=SHOGYJ8UWZHBAGMP&lid=LSTSHOGYJ8UWZHBAGMPMLGYX5&marketplace=FLIPKART&q=sports+shoes+for+women&store=osp%2Fiko%2Fd20&srno=s_3_88&otracker=search&otracker1=search&fm=Search&iid=en_h7-rGblvcj_vglhuUYM18IZWSWj5Ps0u4wqroQrndTB-o85h8XbGfmG-awbRnKRJeTtDupamxpnrTd1xifXMuw%3D%3D&ppt=sp&ppn=sp&ssid=gvqcv8l8000000001735941949888&qH=32e27b1148959538,"AYGO GEL-12 LIGHT WEIGHT SPORTS, WALKING, JOGGING Running Shoes F...more",AYGO,626,0.37,4.2,19
https://www.flipkart.com/campus-claire-women-s-sports-shoes-memory-foam-insole-cushioned-comfort-lace-up-running-women/p/itm1132567480963?pid=SHOFW9EZHGS9MTQA&lid=LSTSHOFW9EZHGS9MTQAGVFGZU&marketplace=FLIPKART&q=sports+shoes+for+women&store=osp%2Fiko%2Fd20&srno=s_3_89&otracker=search&otracker1=search&fm=Search&iid=b722b6e3-525a-4d4d-ae98-a9845639c31a.SHOFW9EZHGS9MTQA.SEARCH&ppt=sp&ppn=sp&ssid=gvqcv8l8000000001735941949888&qH=32e27b1148959538,CLAIRE Women's Sports Shoes | Memory Foam Insole for Cushioned Co...more,CAMPUS,1099,0.21,4.3,47816
https://www.flipkart.com/campus-alice-women-s-sports-shoes-mesh-upper-anti-slip-sole-design-lace-up-running-women/p/itm6c7db23f2c8ff?pid=SHOFXNU8UH9HCESA&lid=LSTSHOFXNU8UH9HCESA1QO7VF&marketplace=FLIPKART&q=sports+shoes+for+women&store=osp%2Fiko%2Fd20&srno=s_3_95&otracker=search&otracker1=search&fm=Search&iid=b722b6e3-525a-4d4d-ae98-a9845639c31a.SHOFXNU8UH9HCESA.SEARCH&ppt=sp&ppn=sp&ssid=gvqcv8l8000000001735941949888&qH=32e27b1148959538,ALICE Women's Sports Shoes | Mesh Upper with Anti Slip Sole Desig...more,CAMPUS,999,0.29,4.3,39220
https://www.flipkart.com/campus-alice-women-s-sports-shoes-mesh-upper-anti-slip-sole-design-lace-up-running-women/p/itm3f242fd24c96b?pid=SHOFXNU8MYHWBUKD&lid=LSTSHOFXNU8MYHWBUKDCEOR2H&marketplace=FLIPKART&q=sports+shoes+for+women&store=osp%2Fiko%2Fd20&srno=s_3_102&otracker=search&otracker1=search&fm=Search&iid=en_h7-rGblvcj_vglhuUYM18IZWSWj5Ps0u4wqroQrndTC-qOkj8SLRtmd9rYtR_xsUH8Tizr93oJB_D7PIDVRZiYE8waCTrWcncKeK_ydPfoM%3D&ppt=sp&ppn=sp&ssid=gvqcv8l8000000001735941949888&qH=32e27b1148959538,ALICE Women's Sports Shoes | Mesh Upper with Anti Slip Sole Desig...more,CAMPUS,999,0.29,4.3,39220
https://www.flipkart.com/friend-s-traders-running-shoes-women/p/itm73676bad1ec97?pid=SHOGXRPJBTBXQVST&lid=LSTSHOGXRPJBTBXQVSTSPK3I6&marketplace=FLIPKART&q=sports+shoes+for+women&store=osp%2Fiko%2Fd20&srno=s_4_126&otracker=search&otracker1=search&fm=Search&iid=496ffe0b-bd3c-4b34-b263-e6adc17a9d24.SHOGXRPJBTBXQVST.SEARCH&ppt=sp&ppn=sp&ssid=s2n6zhylds0000001735941951500&qH=32e27b1148959538,Running Shoes For Women,Friend's Traders,470,0.61,3.9,50
https://www.flipkart.com/warmfeet-fancy-sneakers-training-gym-shoes-women/p/itmbe75c0e8d86f9?pid=SHOGTHGNZGYFFHR2&lid=LSTSHOGTHGNZGYFFHR2EJLWUP&marketplace=FLIPKART&q=sports+shoes+for+women&store=osp%2Fiko%2Fd20&srno=s_4_140&otracker=search&otracker1=search&fm=Search&iid=496ffe0b-bd3c-4b34-b263-e6adc17a9d24.SHOGTHGNZGYFFHR2.SEARCH&ppt=sp&ppn=sp&ssid=s2n6zhylds0000001735941951500&qH=32e27b1148959538,Fancy Sneakers Training & Gym Shoes For Women,WARMFEET,475,0.52,3.8,296
https://www.flipkart.com/campus-alice-women-s-sports-shoes-mesh-upper-anti-slip-sole-design-lace-up-running-women/p/itm6c7db23f2c8ff?pid=SHOFXNU8WFDUFYD2&lid=LSTSHOFXNU8WFDUFYD2FZSQAK&marketplace=FLIPKART&q=sports+shoes+for+women&store=osp%2Fiko%2Fd20&srno=s_4_141&otracker=search&otracker1=search&fm=Search&iid=en_yH5jQMtjgfnLKWUlzjKPH27D0gDlVQquDbPtsHJD1VdWJg27vVyXR0lWCesCeSCv44BoR9R8YOfy8spiCLx2Ag%3D%3D&ppt=sp&ppn=sp&ssid=s2n6zhylds0000001735941951500&qH=32e27b1148959538,ALICE Women's Sports Shoes | Mesh Upper with Anti Slip Sole Desig...more,CAMPUS,999,0.29,4.3,39220
https://www.flipkart.com/apippo-trendy-shoes-women-casuals/p/itm7fede92890354?pid=SHOGTMVZ2ZGDT8AH&lid=LSTSHOGTMVZ2ZGDT8AHKJINSC&marketplace=FLIPKART&q=sports+shoes+for+women&store=osp%2Fiko%2Fd20&srno=s_4_154&otracker=search&otracker1=search&fm=Search&iid=496ffe0b-bd3c-4b34-b263-e6adc17a9d24.SHOGTMVZ2ZGDT8AH.SEARCH&ppt=sp&ppn=sp&ssid=s2n6zhylds0000001735941951500&qH=32e27b1148959538,trendy shoes for women Casuals For Women,APIPPO,444,0.56,3.7,79
https://www.flipkart.com/campus-camp-callie-walking-shoes-women/p/itm4c372eb04ce83?pid=SHOGGE7YXBPEGAKH&lid=LSTSHOGGE7YXBPEGAKHUXCWRT&marketplace=FLIPKART&q=sports+shoes+for+women&store=osp%2Fiko%2Fd20&srno=s_4_156&otracker=search&otracker1=search&fm=Search&iid=496ffe0b-bd3c-4b34-b263-e6adc17a9d24.SHOGGE7YXBPEGAKH.SEARCH&ppt=sp&ppn=sp&ssid=s2n6zhylds0000001735941951500&qH=32e27b1148959538,CAMP CALLIE Walking Shoes For Women,CAMPUS,869,0.13,4.2,7494
https://www.flipkart.com/campus-claire-women-s-sports-shoes-memory-foam-insole-cushioned-comfort-lace-up-running-women/p/itm2ea2c55376986?pid=SHOFW9E9WMXVDDRZ&lid=LSTSHOFW9E9WMXVDDRZITIRUQ&marketplace=FLIPKART&q=sports+shoes+for+women&store=osp%2Fiko%2Fd20&srno=s_4_157&otracker=search&otracker1=search&fm=Search&iid=en_yH5jQMtjgfnLKWUlzjKPH27D0gDlVQquDbPtsHJD1VeSDswBWubSdRblrDD_nAD6-FAEU5Aahc2qv8H89hGAy0hz9c-MSIoFe8xMxkfU6dM%3D&ppt=sp&ppn=sp&ssid=s2n6zhylds0000001735941951500&qH=32e27b1148959538,CLAIRE Women's Sports Shoes | Memory Foam Insole for Cushioned Co...more,CAMPUS,1099,0.21,4.3,47816
https://www.flipkart.com/asian-firefly-10-black-sports-training-gym-walking-stylish-walking-shoes-women/p/itm4c56c26d15622?pid=SHOGHHFGQPUMT9CF&lid=LSTSHOGHHFGQPUMT9CFRFYSUD&marketplace=FLIPKART&q=sports+shoes+for+women&store=osp%2Fiko%2Fd20&srno=s_6_203&otracker=search&otracker1=search&fm=Search&iid=7e94bf40-d7e2-4c8e-9da5-daac90f274cf.SHOGHHFGQPUMT9CF.SEARCH&ppt=sp&ppn=sp&ssid=69fllh4g340000001735941954250&qH=32e27b1148959538,"Firefly-10 Black Sports,Training,Gym,Walking,Stylish Walking Shoe...more",asian,832,0.44,4.2,13627
https://www.flipkart.com/campus-annie-women-s-casual-shoes-sock-like-fit-integrated-foamlite-tech-slip-walking-women/p/itmc0b0d71bdca42?pid=SHOGARZCSQGEWMEM&lid=LSTSHOGARZCSQGEWMEMQHY0JV&marketplace=FLIPKART&q=sports+shoes+for+women&store=osp%2Fiko%2Fd20&srno=s_6_207&otracker=search&otracker1=search&fm=Search&iid=7e94bf40-d7e2-4c8e-9da5-daac90f274cf.SHOGARZCSQGEWMEM.SEARCH&ppt=sp&ppn=sp&ssid=69fllh4g340000001735941954250&qH=32e27b1148959538,ANNIE Women's Casual Shoes | Sock-Like Fit | Integrated FoamLite ...more,CAMPUS,969,0.31,4.2,61720
https://www.flipkart.com/campus-lisa-n-walking-shoes-women/p/itm0cabb6f644898?pid=SHOGBAZKUSZY7D9R&lid=LSTSHOGBAZKUSZY7D9RNKWTA9&marketplace=FLIPKART&q=sports+shoes+for+women&store=osp%2Fiko%2Fd20&srno=s_6_218&otracker=search&otracker1=search&fm=Search&iid=7e94bf40-d7e2-4c8e-9da5-daac90f274cf.SHOGBAZKUSZY7D9R.SEARCH&ppt=sp&ppn=sp&ssid=69fllh4g340000001735941954250&qH=32e27b1148959538,LISA Walking Shoes For Women,CAMPUS,767,0.3,4.2,10053
https://www.flipkart.com/walkline-sports-gym-shoes-women-running-casual-women-walking/p/itm310de4bacfa2d?pid=SHOFWBWAMZX6YCG5&lid=LSTSHOFWBWAMZX6YCG55YRMJ5&marketplace=FLIPKART&q=sports+shoes+for+women&store=osp%2Fiko%2Fd20&srno=s_6_232&otracker=search&otracker1=search&fm=Search&iid=7e94bf40-d7e2-4c8e-9da5-daac90f274cf.SHOFWBWAMZX6YCG5.SEARCH&ppt=sp&ppn=sp&ssid=69fllh4g340000001735941954250&qH=32e27b1148959538,sports and gym shoes for women|Running and casual shoes for women...more,WalkLine,343,0.66,4.2,12085
https://www.flipkart.com/campus-raye-women-s-sports-shoes-pillofoam-comfort-cushioned-memory-insole-lace-up-running-women/p/itme7a7578a5677a?pid=SHOHF5KZFPMQGT53&lid=LSTSHOHF5KZFPMQGT53UHU04K&marketplace=FLIPKART&q=sports+shoes+for+women&store=osp%2Fiko%2Fd20&srno=s_7_257&otracker=search&otracker1=search&fm=Search&iid=a7acd268-ff2a-4703-928f-1feedce8eb7c.SHOHF5KZFPMQGT53.SEARCH&ppt=sp&ppn=sp&ssid=8m75lkzcio0000001735941955636&qH=32e27b1148959538,"RAYE Pillofoam Cushioning & Impact Protection | For Running, Gym ...more",CAMPUS,979,0.51,4.4,11018
https://www.flipkart.com/asian-firefly-04-black-sports-gym-jogging-walking-training-stylish-running-shoes-women/p/itmd603f4163d441?pid=SHOGGG7EGNCVV4PD&lid=LSTSHOGGG7EGNCVV4PD5GBM0O&marketplace=FLIPKART&q=sports+shoes+for+women&store=osp%2Fiko%2Fd20&srno=s_7_265&otracker=search&otracker1=search&fm=Search&iid=a7acd268-ff2a-4703-928f-1feedce8eb7c.SHOGGG7EGNCVV4PD.SEARCH&ppt=sp&ppn=sp&ssid=8m75lkzcio0000001735941955636&qH=32e27b1148959538,"Firefly-04 Black Sports,Gym,Jogging,Walking,Training,Stylish Runn...more",asian,832,0.44,4.1,25879
https://www.flipkart.com/campus-claire-women-s-sports-shoes-memory-foam-insole-cushioned-comfort-lace-up-running-women/p/itm06bf69d5dfe5a?pid=SHOFW6Z7PQHMCFDK&lid=LSTSHOFW6Z7PQHMCFDKS3V0QY&marketplace=FLIPKART&q=sports+shoes+for+women&store=osp%2Fiko%2Fd20&srno=s_7_268&otracker=search&otracker1=search&fm=Search&iid=a7acd268-ff2a-4703-928f-1feedce8eb7c.SHOFW6Z7PQHMCFDK.SEARCH&ppt=sp&ppn=sp&ssid=8m75lkzcio0000001735941955636&qH=32e27b1148959538,CLAIRE Women's Sports Shoes | Memory Foam Insole for Cushioned Co...more,CAMPUS,1146,0.18,4.3,47816
https://www.flipkart.com/asian-firefly-10-pink-sports-training-gym-walking-stylish-walking-shoes-women/p/itm47a04e96fe263?pid=SHOGHHFGZGHH75B6&lid=LSTSHOGHHFGZGHH75B69VYK7Y&marketplace=FLIPKART&q=sports+shoes+for+women&store=osp%2Fiko%2Fd20&srno=s_7_269&otracker=search&otracker1=search&fm=Search&iid=a7acd268-ff2a-4703-928f-1feedce8eb7c.SHOGHHFGZGHH75B6.SEARCH&ppt=sp&ppn=sp&ssid=8m75lkzcio0000001735941955636&qH=32e27b1148959538,"Firefly-10 Pink Sports,Training,Gym,Walking,Stylish Walking Shoes...more",asian,832,0.44,4.2,13627
https://www.flipkart.com/campus-alice-women-s-sports-shoes-mesh-upper-anti-slip-sole-design-lace-up-running-women/p/itm6c7db23f2c8ff?pid=SHOFXNU8UH9HCESA&lid=LSTSHOFXNU8UH9HCESA1QO7VF&marketplace=FLIPKART&q=sports+shoes+for+women&store=osp%2Fiko%2Fd20&srno=s_7_275&otracker=search&otracker1=search&fm=Search&iid=a7acd268-ff2a-4703-928f-1feedce8eb7c.SHOFXNU8UH9HCESA.SEARCH&ppt=sp&ppn=sp&ssid=8m75lkzcio0000001735941955636&qH=32e27b1148959538,ALICE Women's Sports Shoes | Mesh Upper with Anti Slip Sole Desig...more,CAMPUS,999,0.29,4.3,39220
https://www.flipkart.com/asian-firefly-08-white-gym-sports-walking-training-stylish-running-shoes-women/p/itm304bcb34c1711?pid=SHOGN8ZC4HREYFTN&lid=LSTSHOGN8ZC4HREYFTNS7XDQI&marketplace=FLIPKART&q=sports+shoes+for+women&store=osp%2Fiko%2Fd20&srno=s_8_310&otracker=search&otracker1=search&fm=Search&iid=e82abd07-2088-4b68-bbcb-a7870115a69c.SHOGN8ZC4HREYFTN.SEARCH&ppt=sp&ppn=sp&ssid=aabarnzbq80000001735941957040&qH=32e27b1148959538,"Asian Firefly-08 White Gym,Sports,Walking,Training,Stylish Runnin...more",asian,759,0.49,4.1,25879
https://www.flipkart.com/campus-alice-women-s-sports-shoes-mesh-upper-anti-slip-sole-design-lace-up-running-women/p/itmc5bb93d7ae9d2?pid=SHOFXNU8ZJ8XXYHG&lid=LSTSHOFXNU8ZJ8XXYHGQEECHX&marketplace=FLIPKART&q=sports+shoes+for+women&store=osp%2Fiko%2Fd20&srno=s_9_327&otracker=search&otracker1=search&fm=Search&iid=fc440851-1b8b-4c53-9d27-dde14dc95f38.SHOFXNU8ZJ8XXYHG.SEARCH&ppt=sp&ppn=sp&ssid=skztmsv6og0000001735941958329&qH=32e27b1148959538,ALICE Women's Sports Shoes | Mesh Upper with Anti Slip Sole Desig...more,CAMPUS,999,0.29,4.3,39220
https://www.flipkart.com/walkline-sports-gym-shoes-women-running-casual-women-walking/p/itma913deb1331a7?pid=SHOGXBF6HY4NMBCZ&lid=LSTSHOGXBF6HY4NMBCZRPEZDY&marketplace=FLIPKART&q=sports+shoes+for+women&store=osp%2Fiko%2Fd20&srno=s_9_344&otracker=search&otracker1=search&fm=Search&iid=fc440851-1b8b-4c53-9d27-dde14dc95f38.SHOGXBF6HY4NMBCZ.SEARCH&ppt=sp&ppn=sp&ssid=skztmsv6og0000001735941958329&qH=32e27b1148959538,sports and gym shoes for women|Running and casual shoes for women...more,WalkLine,340,0.66,4.2,12085
https://www.flipkart.com/asian-superfly-03-black-sports-gym-training-casual-stylish-running-shoes-women/p/itmb58573a0c29e5?pid=SHOGHSZVXS68XSWA&lid=LSTSHOGHSZVXS68XSWAMOAVGI&marketplace=FLIPKART&q=sports+shoes+for+women&store=osp%2Fiko%2Fd20&srno=s_9_360&otracker=search&otracker1=search&fm=Search&iid=fc440851-1b8b-4c53-9d27-dde14dc95f38.SHOGHSZVXS68XSWA.SEARCH&ppt=sp&ppn=sp&ssid=skztmsv6og0000001735941958329&qH=32e27b1148959538,"Superfly-03 Black Sports,Gym,Training,Casual,Stylish Running Shoe...more",asian,816,0.59,4.1,3973
https://www.flipkart.com/birde-premium-sports-shoes-women-walking/p/itm0f2fa6d339586?pid=SHOGJSB6B4XGE8DF&lid=LSTSHOGJSB6B4XGE8DF4OAR85&marketplace=FLIPKART&q=sports+shoes+for+women&store=osp%2Fiko%2Fd20&srno=s_10_364&otracker=search&otracker1=search&fm=Search&iid=3f46c8ff-86f0-4aa1-9660-c7f6e90f480d.SHOGJSB6B4XGE8DF.SEARCH&ppt=sp&ppn=sp&ssid=xfoc43dum80000001735941959974&qH=32e27b1148959538,"Premium Sports Shoes for Women Walking Shoes For Women (Black , 4...more",Birde,346,0.65,3.9,54348
https://www.flipkart.com/campus-zoe-plus-women-s-casual-shoes-memory-foam-insole-pillo-slip-walking-women/p/itm7f640540a8a2e?pid=SHOFX3PFTKVN4ZTJ&lid=LSTSHOFX3PFTKVN4ZTJUCQYYX&marketplace=FLIPKART&q=sports+shoes+for+women&store=osp%2Fiko%2Fd20&srno=s_10_377&otracker=search&otracker1=search&fm=Search&iid=3f46c8ff-86f0-4aa1-9660-c7f6e90f480d.SHOFX3PFTKVN4ZTJ.SEARCH&ppt=sp&ppn=sp&ssid=xfoc43dum80000001735941959974&qH=32e27b1148959538,ZOE PLUS Women's Casual Shoes | Memory Foam Insole with Pillo Foa...more,CAMPUS,764,0.04,4.1,22437
https://www.flipkart.com/sparx-sl-167-running-shoes-women/p/itmd55659ff24475?pid=SHOGVDR7YGVYSHEK&lid=LSTSHOGVDR7YGVYSHEKPNUCZG&marketplace=FLIPKART&q=sports+shoes+for+women&store=osp%2Fiko%2Fd20&srno=s_10_390&otracker=search&otracker1=search&fm=Search&iid=3f46c8ff-86f0-4aa1-9660-c7f6e90f480d.SHOGVDR7YGVYSHEK.SEARCH&ppt=sp&ppn=sp&ssid=xfoc43dum80000001735941959974&qH=32e27b1148959538,SL 167 Running Shoes For Women,Sparx,879,0.2,4.3,1019
https://www.flipkart.com/hrx-hrithik-roshan-running-shoes-women/p/itm2898d786e63c8?pid=SHOGYEFU7SYFPSYG&lid=LSTSHOGYEFU7SYFPSYGNVVGL3&marketplace=FLIPKART&q=sports+shoes+for+women&store=osp%2Fiko%2Fd20&srno=s_11_415&otracker=search&otracker1=search&fm=Search&iid=0f846797-6fd6-4b38-b4e8-a24340ba047c.SHOGYEFU7SYFPSYG.SEARCH&ppt=sp&ppn=sp&ssid=bwkse5x2fk0000001735941961314&qH=32e27b1148959538,Running Shoes For Women,HRX by Hrithik Roshan,1098,0.63,4.1,5757
https://www.flipkart.com/asian-superfly-02-mauve-sports-training-gym-walking-trendy-stylish-walking-shoes-women/p/itm0cc41d2e3003f?pid=SHOGHCHFMJXASSR5&lid=LSTSHOGHCHFMJXASSR5NTFDBN&marketplace=FLIPKART&q=sports+shoes+for+women&store=osp%2Fiko%2Fd20&srno=s_11_423&otracker=search&otracker1=search&fm=Search&iid=0f846797-6fd6-4b38-b4e8-a24340ba047c.SHOGHCHFMJXASSR5.SEARCH&ppt=sp&ppn=sp&ssid=bwkse5x2fk0000001735941961314&qH=32e27b1148959538,"Superfly-02 Mauve ,Sports,Training,Gym,Walking,Trendy Stylish Wal...more",asian,915,0.54,4.1,2284
https://www.flipkart.com/hrx-hrithik-roshan-running-shoes-women/p/itm80c61d7e12f75?pid=SHOGYEFUVJGSHQKG&lid=LSTSHOGYEFUVJGSHQKGECN730&marketplace=FLIPKART&q=sports+shoes+for+women&store=osp%2Fiko%2Fd20&srno=s_11_430&otracker=search&otracker1=search&fm=Search&iid=0f846797-6fd6-4b38-b4e8-a24340ba047c.SHOGYEFUVJGSHQKG.SEARCH&ppt=sp&ppn=sp&ssid=bwkse5x2fk0000001735941961314&qH=32e27b1148959538,Running Shoes For Women,HRX by Hrithik Roshan,1098,0.63,4.1,5757
https://www.flipkart.com/vokline-sports-shoes-trekking-shoes-running-shoes-gym-shoes-women-walking/p/itmbe07395df9ca1?pid=SHOGKRMTFAN62GGY&lid=LSTSHOGKRMTFAN62GGYPHU88U&marketplace=FLIPKART&q=sports+shoes+for+women&store=osp%2Fiko%2Fd20&srno=s_12_445&otracker=search&otracker1=search&fm=Search&iid=db77c713-fda5-4ae8-94fa-299f0e8d83ff.SHOGKRMTFAN62GGY.SEARCH&ppt=sp&ppn=sp&ssid=hp37mfjnm80000001735941963174&qH=32e27b1148959538,"Women sports shoes,Running shoes,Trekking Shoes,gym shoes for wom...more",Vokline,291,0.71,4.1,155706
https://www.flipkart.com/campus-cristy-women-s-sports-shoes-cushioned-insole-pillo-foam-lace-up-running-women/p/itm464745124f870?pid=SHOG3PFA4QVSMJMP&lid=LSTSHOG3PFA4QVSMJMP34OT0E&marketplace=FLIPKART&q=sports+shoes+for+women&store=osp%2Fiko%2Fd20&srno=s_12_449&otracker=search&otracker1=search&fm=Search&iid=db77c713-fda5-4ae8-94fa-299f0e8d83ff.SHOG3PFA4QVSMJMP.SEARCH&ppt=sp&ppn=sp&ssid=hp37mfjnm80000001735941963174&qH=32e27b1148959538,CRISTY Women's Sports Shoes | Cushioned Insole with Pillo Foam | ...more,CAMPUS,849,0.23,4.2,39502
https://www.flipkart.com/killer-lightweight-comfort-trendy-premium-stylish-running-shoes-women/p/itm0ecd71aaad4da?pid=SHOH2HFV4MNPEBR8&lid=LSTSHOH2HFV4MNPEBR81YGZIW&marketplace=FLIPKART&q=sports+shoes+for+women&store=osp%2Fiko%2Fd20&srno=s_12_458&otracker=search&otracker1=search&fm=Search&iid=db77c713-fda5-4ae8-94fa-299f0e8d83ff.SHOH2HFV4MNPEBR8.SEARCH&ppt=sp&ppn=sp&ssid=hp37mfjnm80000001735941963174&qH=32e27b1148959538,Lightweight Comfort Trendy Premium Stylish Running Shoes For Wome...more,KILLER,674,0.8,3.5,198
https://www.flipkart.com/bersache-premium-sports-walking-trending-running-shoes-women-s-girl-s-women/p/itm0c461f958e6b1?pid=SHOH3PVVQVSHN7NM&lid=LSTSHOH3PVVQVSHN7NM0DCUI9&marketplace=FLIPKART&q=sports+shoes+for+women&store=osp%2Fiko%2Fd20&srno=s_13_481&otracker=search&otracker1=search&fm=Search&iid=b1cac22e-9b7a-4ad4-8de8-3030e3ac7279.SHOH3PVVQVSHN7NM.SEARCH&ppt=sp&ppn=sp&ssid=o2h3d4p1j40000001735941964781&qH=32e27b1148959538,"Bersache Premium Sports ,walking, Trending Running Shoes For Wome...more",BERSACHE,425,0.91,3.8,573
https://www.flipkart.com/campus-lisa-n-walking-shoes-women/p/itmd5596ed3de245?pid=SHOGASS49HGSTNBG&lid=LSTSHOGASS49HGSTNBGVDHVSM&marketplace=FLIPKART&q=sports+shoes+for+women&store=osp%2Fiko%2Fd20&srno=s_13_497&otracker=search&otracker1=search&fm=Search&iid=b1cac22e-9b7a-4ad4-8de8-3030e3ac7279.SHOGASS49HGSTNBG.SEARCH&ppt=sp&ppn=sp&ssid=o2h3d4p1j40000001735941964781&qH=32e27b1148959538,LISA Walking Shoes For Women,CAMPUS,879,0.2,4.2,10053
https://www.flipkart.com/asian-casual-sneaker-shoes-women-stylish-comfortable-lace-up-style-running/p/itmee51e94983f2a?pid=SHOGUM9WMMHAGKRZ&lid=LSTSHOGUM9WMMHAGKRZ4PFYJB&marketplace=FLIPKART&q=sports+shoes+for+women&store=osp%2Fiko%2Fd20&srno=s_13_500&otracker=search&otracker1=search&fm=Search&iid=b1cac22e-9b7a-4ad4-8de8-3030e3ac7279.SHOGUM9WMMHAGKRZ.SEARCH&ppt=sp&ppn=sp&ssid=o2h3d4p1j40000001735941964781&qH=32e27b1148959538,Casual Sneaker Shoes For Women | Stylish and Comfortable | Lace-U...more,asian,847,0.43,4.2,2020
https://www.flipkart.com/campus-alice-women-s-sports-shoes-mesh-upper-anti-slip-sole-design-lace-up-running-women/p/itm3f242fd24c96b?pid=SHOFXNU8KGPHSHVM&lid=LSTSHOFXNU8KGPHSHVMFFD2FA&marketplace=FLIPKART&q=sports+shoes+for+women&store=osp%2Fiko%2Fd20&srno=s_14_532&otracker=search&otracker1=search&fm=Search&iid=208c9866-06c4-4055-9ef4-91fe4b2822d4.SHOFXNU8KGPHSHVM.SEARCH&ppt=sp&ppn=sp&ssid=10u9qsjgn40000001735941966180&qH=32e27b1148959538,ALICE Women's Sports Shoes | Mesh Upper with Anti Slip Sole Desig...more,CAMPUS,999,0.29,4.3,39220
https://www.flipkart.com/campus-lisa-n-walking-shoes-women/p/itm2ebca6bd47f68?pid=SHOGBAZK9T9QWZMV&lid=LSTSHOGBAZK9T9QWZMVGTUUAQ&marketplace=FLIPKART&q=sports+shoes+for+women&store=osp%2Fiko%2Fd20&srno=s_15_575&otracker=search&otracker1=search&fm=Search&iid=1414133b-b202-4380-8aae-abedf08d0784.SHOGBAZK9T9QWZMV.SEARCH&ppt=sp&ppn=sp&ssid=j6tcussifk0000001735941967619&qH=32e27b1148959538,LISA Walking Shoes For Women,CAMPUS,767,0.3,4.2,10053
https://www.flipkart.com/sparx-sl-123-walking-shoes-women/p/itmfcuthtk68en9r?pid=SHOFCUQHFZY3N5QC&lid=LSTSHOFCUQHFZY3N5QC7I9VH9&marketplace=FLIPKART&q=sports+shoes+for+women&store=osp%2Fiko%2Fd20&srno=s_15_581&otracker=search&otracker1=search&fm=Search&iid=1414133b-b202-4380-8aae-abedf08d0784.SHOFCUQHFZY3N5QC.SEARCH&ppt=sp&ppn=sp&ssid=j6tcussifk0000001735941967619&qH=32e27b1148959538,SL 123 Walking Shoes For Women,Sparx,748,0.25,4.2,7164
https://www.flipkart.com/campus-camp-fleek-walking-shoes-women/p/itme1f7d1a5ccda7?pid=SHOGHXKDWAC9XZMF&lid=LSTSHOGHXKDWAC9XZMFABQCNL&marketplace=FLIPKART&q=sports+shoes+for+women&store=osp%2Fiko%2Fd20&srno=s_15_583&otracker=search&otracker1=search&fm=Search&iid=1414133b-b202-4380-8aae-abedf08d0784.SHOGHXKDWAC9XZMF.SEARCH&ppt=sp&ppn=sp&ssid=j6tcussifk0000001735941967619&qH=32e27b1148959538,CAMP-FLEEK Walking Shoes For Women,CAMPUS,742,0.43,4.1,2479
https://www.flipkart.com/avant-libra-outdoor-sports-shoes-enhanced-grip-tpr-outsole-laces-running-women/p/itm2ae67ce9b20b7?pid=SHOGZFEPBN6AHHWQ&lid=LSTSHOGZFEPBN6AHHWQPZE1XS&marketplace=FLIPKART&q=sports+shoes+for+women&store=osp%2Fiko%2Fd20&srno=s_16_601&otracker=search&otracker1=search&fm=Search&iid=7bd48cf1-76b9-47da-9040-5593b2ea871d.SHOGZFEPBN6AHHWQ.SEARCH&ppt=sp&ppn=sp&ssid=qyh9pz5cn40000001735941969232&qH=32e27b1148959538,Libra Outdoor Sports Shoes with Enhanced Grip TPR Outsole & Laces...more,Avant,939,0.34,4.2,287
https://www.flipkart.com/asian-casual-sneaker-shoes-women-stylish-comfortable-lace-up-style-running/p/itm47e13ee5bb45d?pid=SHOGUXGUZW5CYYHG&lid=LSTSHOGUXGUZW5CYYHGMHYGPB&marketplace=FLIPKART&q=sports+shoes+for+women&store=osp%2Fiko%2Fd20&srno=s_17_658&otracker=search&otracker1=search&fm=Search&iid=17e99dd3-db86-4186-bca4-d01fe15e61b6.SHOGUXGUZW5CYYHG.SEARCH&ppt=sp&ppn=sp&ssid=z0ps8rpwxs0000001735941999126&qH=32e27b1148959538,Casual Sneaker Shoes For Women | Stylish and Comfortable | Lace-U...more,asian,847,0.43,4.2,2020
https://www.flipkart.com/asian-elasto-02-sports-shoes-women-running-girls-stylish-latest-design-new-fashion-casual-sneakers-ladies-lace-up-lightweight-black-jogging-walking-gym-party/p/itmferzsfngtqf5z?pid=SHOFERQHZDMJY6KA&lid=LSTSHOFERQHZDMJY6KAZW4MLQ&marketplace=FLIPKART&q=sports+shoes+for+women&store=osp%2Fiko%2Fd20&srno=s_18_715&otracker=search&otracker1=search&fm=Search&iid=5c292919-c98e-4644-b23b-551a0968a57f.SHOFERQHZDMJY6KA.SEARCH&ppt=sp&ppn=sp&ssid=qtpchjab7k0000001735942002397&qH=32e27b1148959538,Elasto-02 sports shoes for women | Running shoes for girls stylis...more,asian,749,0.5,4.2,89909
https://www.flipkart.com/bersache-running-shoes-women/p/itm71a5694b5ba6c?pid=SHOHY88KBYJYNJ6K&lid=LSTSHOHY88KBYJYNJ6KND2HV2&marketplace=FLIPKART&q=sports+shoes+for+women&store=osp%2Fiko%2Fd20&srno=s_19_727&otracker=search&otracker1=search&fm=Search&iid=231e0656-7f73-4c22-b1db-fc3b69fb04b2.SHOHY88KBYJYNJ6K.SEARCH&ppt=sp&ppn=sp&ssid=ktagt9elts0000001735942005700&qH=32e27b1148959538,Running Shoes For Women,BERSACHE,545,0.89,3.9,816
https://www.flipkart.com/footox-trendy-sports-running-shoes-women/p/itmd8c31be65fd74?pid=SHOH5NYBRAWJAMKF&lid=LSTSHOH5NYBRAWJAMKFQPIMBL&marketplace=FLIPKART&q=sports+shoes+for+women&store=osp%2Fiko%2Fd20&srno=s_21_806&otracker=search&otracker1=search&fm=Search&iid=dd91ca8b-d389-4107-9d38-79ca492d518e.SHOH5NYBRAWJAMKF.SEARCH&ppt=sp&ppn=sp&ssid=1wjuh99w740000001735942011936&qH=32e27b1148959538,Trendy Sports Running Shoes For Women,Footox,362,0.64,3.4,651
https://www.flipkart.com/asian-firefly-07-mauve-sports-casual-gym-jogging-stylish-training-gym-shoes-women/p/itme3fcaabcfbcac?pid=SHOGGSTFYHZNXH6E&lid=LSTSHOGGSTFYHZNXH6EUUFPVN&marketplace=FLIPKART&q=sports+shoes+for+women&store=osp%2Fiko%2Fd20&srno=s_21_820&otracker=search&otracker1=search&fm=Search&iid=dd91ca8b-d389-4107-9d38-79ca492d518e.SHOGGSTFYHZNXH6E.SEARCH&ppt=sp&ppn=sp&ssid=1wjuh99w740000001735942011936&qH=32e27b1148959538,"Firefly-07 Mauve Sports,Casual,Gym,Jogging,Stylish Training & Gym...more",asian,759,0.49,4.1,1490
https://www.flipkart.com/skechers-virtue-great-running-shoes-women/p/itm199316f16546e?pid=SHOGHDF9HGYC8JGX&lid=LSTSHOGHDF9HGYC8JGXGMWLRC&marketplace=FLIPKART&q=sports+shoes+for+women&store=osp%2Fiko%2Fd20&srno=s_22_842&otracker=search&otracker1=search&fm=Search&iid=ce806ae2-4e76-4fc4-9694-00153fcad2a7.SHOGHDF9HGYC8JGX.SEARCH&ppt=sp&ppn=sp&ssid=o1i57vydhc0000001735942015105&qH=32e27b1148959538,VIRTUE - BE GREAT Running Shoes For Women,Skechers,2721,0.55,4.3,55
https://www.flipkart.com/asian-firefly-10-grey-sports-training-gym-walking-stylish-walking-shoes-women/p/itma785e0a8706a0?pid=SHOGHHFGHGAH7SRC&q=sports+shoes+for+women&store=osp%2Fiko%2Fd20&srno=s_22_862&otracker=search&otracker1=search&fm=Search&iid=ce806ae2-4e76-4fc4-9694-00153fcad2a7.SHOGHHFGHGAH7SRC.SEARCH&ppt=sp&ppn=sp&ssid=o1i57vydhc0000001735942015105&qH=32e27b1148959538,"Firefly-10 Grey Sports,Training,Gym,Walking,Stylish Walking Shoes...more",asian,832,0.44,4.2,13627
https://www.flipkart.com/asian-walking-shoes-women/p/itm21684a546473e?pid=SHOHYZ94GFNFF7YF&lid=LSTSHOHYZ94GFNFF7YFLNYWX3&marketplace=FLIPKART&q=sports+shoes+for+women&store=osp%2Fiko%2Fd20&srno=s_22_879&otracker=search&otracker1=search&fm=Search&iid=ce806ae2-4e76-4fc4-9694-00153fcad2a7.SHOHYZ94GFNFF7YF.SEARCH&ppt=sp&ppn=sp&ssid=o1i57vydhc0000001735942015105&qH=32e27b1148959538,Walking Shoes For Women,asian,791,0.43,4.1,1957
https://www.flipkart.com/campus-raye-women-s-sports-shoes-pillofoam-comfort-cushioned-memory-insole-lace-up-running-women/p/itm1ef6d79f50865?pid=SHOHF5KZAJBRFEQN&lid=LSTSHOHF5KZAJBRFEQNMCPAKS&marketplace=FLIPKART&q=sports+shoes+for+women&store=osp%2Fiko%2Fd20&srno=s_23_917&otracker=search&otracker1=search&fm=Search&iid=fb5904ab-6321-4a7c-b98c-01dc5be6020d.SHOHF5KZAJBRFEQN.SEARCH&ppt=sp&ppn=sp&ssid=ul4yws95uo0000001735942017502&qH=32e27b1148959538,RAYE Women's Sports Shoes | PilloFoam Comfort & Cushioned Memory ...more,CAMPUS,949,0.53,4.4,11018
https://www.flipkart.com/bersache-premium-sports-gym-trending-stylish-running-shoes-women/p/itme0169566fb399?pid=SHOHYP7HEHATVCHH&lid=LSTSHOHYP7HEHATVCHH8VCU9S&marketplace=FLIPKART&q=sports+shoes+for+women&store=osp%2Fiko%2Fd20&srno=s_24_927&otracker=search&otracker1=search&fm=Search&iid=6567c830-e819-4c7c-9f52-d97de80eb54f.SHOHYP7HEHATVCHH.SEARCH&ppt=sp&ppn=sp&ssid=7dax1ducsg0000001735942020677&qH=32e27b1148959538,"Bersache Premium Sports ,Gym, Trending Stylish Running Shoes Runn...more",BERSACHE,713,0.86,3.9,1195
https://www.flipkart.com/skechers-skech-air-dynamight-walking-shoes-women/p/itm020734d319a11?pid=SHOGHDTWXJCGRZZS&lid=LSTSHOGHDTWXJCGRZZSMQEOPY&marketplace=FLIPKART&q=sports+shoes+for+women&store=osp%2Fiko%2Fd20&srno=s_24_931&otracker=search&otracker1=search&fm=Search&iid=6567c830-e819-4c7c-9f52-d97de80eb54f.SHOGHDTWXJCGRZZS.SEARCH&ppt=sp&ppn=sp&ssid=7dax1ducsg0000001735942020677&qH=32e27b1148959538,SKECH-AIR DYNAMIGHT-NATURE'S Walking Shoes For Women,Skechers,2721,0.55,4.5,195
https://www.flipkart.com/asian-firefly-07-navy-sports-casual-gym-jogging-stylish-training-gym-shoes-women/p/itm5e75fd9af8210?pid=SHOGGSXURRH2TUZ9&lid=LSTSHOGGSXURRH2TUZ9XWSSU3&marketplace=FLIPKART&q=sports+shoes+for+women&store=osp%2Fiko%2Fd20&srno=s_24_934&otracker=search&otracker1=search&fm=Search&iid=6567c830-e819-4c7c-9f52-d97de80eb54f.SHOGGSXURRH2TUZ9.SEARCH&ppt=sp&ppn=sp&ssid=7dax1ducsg0000001735942020677&qH=32e27b1148959538,"-07 Navy Sports,Casual,Gym,Jogging,Stylish Training & Gym Shoes F...more",asian,759,0.49,4.1,1490
https://www.flipkart.com/kraasa-cozysock-running-shoes-women/p/itm13b9bdfca2f76?pid=SHOGJ5WZFYGWA69X&lid=LSTSHOGJ5WZFYGWA69XRQNV1O&marketplace=FLIPKART&q=sports+shoes+for+women&store=osp%2Fiko%2Fd20&srno=s_24_957&otracker=search&otracker1=search&fm=Search&iid=6567c830-e819-4c7c-9f52-d97de80eb54f.SHOGJ5WZFYGWA69X.SEARCH&ppt=sp&ppn=sp&ssid=7dax1ducsg0000001735942020677&qH=32e27b1148959538,CozySock Running Shoes For Women,Kraasa,492,0.51,3.9,50182
https://www.flipkart.com/denill-girls-walking-shoes-outdoors-women/p/itm8f622cdf893df?pid=SHOG6KRFFUF8V6TT&lid=LSTSHOG6KRFFUF8V6TTGUBV9C&marketplace=FLIPKART&q=sports+shoes+for+women&store=osp%2Fiko%2Fd20&srno=s_25_966&otracker=search&otracker1=search&fm=Search&iid=c75ab038-5110-4645-ae79-4d0fb44fab53.SHOG6KRFFUF8V6TT.SEARCH&ppt=sp&ppn=sp&ssid=uc1lyon7cw0000001735942023763&qH=32e27b1148959538,Girls Walking Shoes Outdoors For Women,Denill,547,0.73,4.1,2997
